{
    "prepare_queue": {
        "installed": [],
        "uninstalled": []
    },
    "config_munge": {
        "files": {
            "config.xml": {
                "parents": {
                    "/*": [
                        {
                            "xml": "<feature name=\"Camera\"><param name=\"ios-package\" value=\"CDVCamera\" /></feature>",
                            "count": 1
                        },
                        {
                            "xml": "<preference name=\"CameraUsesGeolocation\" value=\"false\" />",
                            "count": 1
                        },
                        {
                            "xml": "<feature name=\"File\"><param name=\"ios-package\" value=\"CDVFile\" /><param name=\"onload\" value=\"true\" /></feature>",
                            "count": 1
                        },
                        {
                            "xml": "<feature name=\"FileTransfer\"><param name=\"ios-package\" value=\"CDVFileTransfer\" /></feature>",
                            "count": 1
                        },
                        {
                            "xml": "<feature name=\"Capture\"><param name=\"ios-package\" value=\"CDVCapture\" /></feature>",
                            "count": 1
                        },
                        {
                            "xml": "<feature name=\"SplashScreen\"><param name=\"ios-package\" value=\"CDVSplashScreen\" /><param name=\"onload\" value=\"true\" /></feature>",
                            "count": 1
                        },
                        {
                            "xml": "<feature name=\"StatusBar\"><param name=\"ios-package\" value=\"CDVStatusBar\" /><param name=\"onload\" value=\"true\" /></feature>",
                            "count": 1
                        },
                        {
                            "xml": "<preference name=\"StatusBarOverlaysWebView\" value=\"true\" />",
                            "count": 1
                        },
                        {
                            "xml": "<preference name=\"StatusBarStyle\" value=\"lightcontent\" />",
                            "count": 1
                        },
                        {
                            "xml": "<feature name=\"QQSDK\"><param name=\"ios-package\" value=\"CDVQQSDK\" /></feature>",
                            "count": 1
                        },
                        {
                            "xml": "<preference name=\"QQ_APP_ID\" value=\"1106000313\" />",
                            "count": 1
                        },
                        {
                            "xml": "<feature name=\"Wechat\"><param name=\"ios-package\" value=\"CDVWechat\" /><param name=\"onload\" value=\"true\" /></feature>",
                            "count": 1
                        },
                        {
                            "xml": "<preference name=\"WECHATAPPID\" value=\"wx92d85e33893d047e\" />",
                            "count": 1
                        },
                        {
                            "xml": "<feature name=\"InAppBrowser\"><param name=\"ios-package\" value=\"CDVInAppBrowser\" /></feature>",
                            "count": 1
                        }
                    ]
                }
            },
            "*-Info.plist": {
                "parents": {
                    "NSCameraUsageDescription": [
                        {
                            "xml": "<string> </string>",
                            "count": 2
                        }
                    ],
                    "NSPhotoLibraryUsageDescription": [
                        {
                            "xml": "<string> </string>",
                            "count": 2
                        }
                    ],
                    "NSLocationWhenInUseUsageDescription": [
                        {
                            "xml": "<string />",
                            "count": 1
                        }
                    ],
                    "NSMicrophoneUsageDescription": [
                        {
                            "xml": "<string> </string>",
                            "count": 1
                        }
                    ],
                    "CFBundleURLTypes": [
                        {
                            "xml": "<array><dict><key>CFBundleTypeRole</key><string>Editor</string><key>CFBundleURLName</key><string>tencentopenapi</string><key>CFBundleURLSchemes</key><array><string>tencent1106000313</string></array></dict></array>",
                            "count": 1
                        },
                        {
                            "xml": "<array><dict><key>CFBundleURLName</key><string>weixin</string><key>CFBundleURLSchemes</key><array><string>wx92d85e33893d047e</string></array></dict></array>",
                            "count": 1
                        }
                    ],
                    "LSApplicationQueriesSchemes": [
                        {
                            "xml": "<array><string>mqqapi</string><string>mqq</string><string>mqqOpensdkSSoLogin</string><string>mqqconnect</string><string>mqqopensdkdataline</string><string>mqqopensdkgrouptribeshare</string><string>mqqopensdkfriend</string><string>mqqopensdkapi</string><string>mqqopensdkapiV2</string><string>mqqopensdkapiV3</string><string>mqqopensdkapiV4</string><string>mqzoneopensdk</string><string>wtloginmqq</string><string>wtloginmqq2</string><string>mqqwpa</string><string>mqzone</string><string>mqzonev2</string><string>mqzoneshare</string><string>wtloginqzone</string><string>mqzonewx</string><string>mqzoneopensdkapiV2</string><string>mqzoneopensdkapi19</string><string>mqzoneopensdkapi</string><string>mqzoneopensdk</string><string>mqqgamebindinggroup</string><string>tencentapi.qq.reqContent</string><string>tencentapi.qzone.reqContent</string><string>tim</string><string>timapi</string><string>timopensdkfriend</string><string>timwpa</string><string>timgamebindinggroup</string><string>timapiwallet</string><string>timOpensdkSSoLogin</string><string>wtlogintim</string><string>timopensdkgrouptribeshare</string><string>timopensdkapiV4</string><string>timgamebindinggroup</string><string>timopensdkdataline</string><string>wtlogintimV1</string><string>timapiV1</string></array>",
                            "count": 1
                        },
                        {
                            "xml": "<array><string>weixin</string><string>wechat</string></array>",
                            "count": 1
                        }
                    ],
                    "NSAppTransportSecurity": [
                        {
                            "xml": "<dict><key>NSAllowsArbitraryLoads</key><true /></dict>",
                            "count": 1
                        }
                    ]
                }
            }
        }
    },
    "installed_plugins": {
        "cordova-plugin-whitelist": {
            "PACKAGE_NAME": "com.makepolo.credit"
        },
        "cordova-plugin-compat": {
            "PACKAGE_NAME": "com.makepolo.credit"
        },
        "cordova-plugin-camera": {
            "CAMERA_USAGE_DESCRIPTION": " ",
            "PHOTOLIBRARY_USAGE_DESCRIPTION": " ",
            "PACKAGE_NAME": "com.makepolo.credit"
        },
        "cordova-plugin-file": {
            "PACKAGE_NAME": "com.makepolo.credit"
        },
        "cordova-plugin-file-transfer": {
            "PACKAGE_NAME": "com.makepolo.credit"
        },
        "cordova-plugin-media-capture": {
            "CAMERA_USAGE_DESCRIPTION": " ",
            "MICROPHONE_USAGE_DESCRIPTION": " ",
            "PHOTOLIBRARY_USAGE_DESCRIPTION": " ",
            "PACKAGE_NAME": "com.makepolo.credit"
        },
        "cordova-plugin-splashscreen": {
            "PACKAGE_NAME": "com.makepolo.credit"
        },
        "cordova-plugin-statusbar": {
            "PACKAGE_NAME": "com.makepolo.credit"
        },
        "cordova-plugin-qqsdk": {
            "QQ_APP_ID": "1106000313",
            "PACKAGE_NAME": "com.makepolo.credit"
        },
        "cordova-plugin-wechat": {
            "WECHATAPPID": "wx92d85e33893d047e",
            "PACKAGE_NAME": "com.makepolo.credit"
        },
        "cordova-plugin-inappbrowser": {
            "PACKAGE_NAME": "com.makepolo.credit"
        }
    },
    "dependent_plugins": {},
    "modules": [
        {
            "id": "cordova-plugin-camera.Camera",
            "file": "plugins/cordova-plugin-camera/www/CameraConstants.js",
            "pluginId": "cordova-plugin-camera",
            "clobbers": [
                "Camera"
            ]
        },
        {
            "id": "cordova-plugin-camera.CameraPopoverOptions",
            "file": "plugins/cordova-plugin-camera/www/CameraPopoverOptions.js",
            "pluginId": "cordova-plugin-camera",
            "clobbers": [
                "CameraPopoverOptions"
            ]
        },
        {
            "id": "cordova-plugin-camera.camera",
            "file": "plugins/cordova-plugin-camera/www/Camera.js",
            "pluginId": "cordova-plugin-camera",
            "clobbers": [
                "navigator.camera"
            ]
        },
        {
            "id": "cordova-plugin-camera.CameraPopoverHandle",
            "file": "plugins/cordova-plugin-camera/www/ios/CameraPopoverHandle.js",
            "pluginId": "cordova-plugin-camera",
            "clobbers": [
                "CameraPopoverHandle"
            ]
        },
        {
            "id": "cordova-plugin-file.DirectoryEntry",
            "file": "plugins/cordova-plugin-file/www/DirectoryEntry.js",
            "pluginId": "cordova-plugin-file",
            "clobbers": [
                "window.DirectoryEntry"
            ]
        },
        {
            "id": "cordova-plugin-file.DirectoryReader",
            "file": "plugins/cordova-plugin-file/www/DirectoryReader.js",
            "pluginId": "cordova-plugin-file",
            "clobbers": [
                "window.DirectoryReader"
            ]
        },
        {
            "id": "cordova-plugin-file.Entry",
            "file": "plugins/cordova-plugin-file/www/Entry.js",
            "pluginId": "cordova-plugin-file",
            "clobbers": [
                "window.Entry"
            ]
        },
        {
            "id": "cordova-plugin-file.File",
            "file": "plugins/cordova-plugin-file/www/File.js",
            "pluginId": "cordova-plugin-file",
            "clobbers": [
                "window.File"
            ]
        },
        {
            "id": "cordova-plugin-file.FileEntry",
            "file": "plugins/cordova-plugin-file/www/FileEntry.js",
            "pluginId": "cordova-plugin-file",
            "clobbers": [
                "window.FileEntry"
            ]
        },
        {
            "id": "cordova-plugin-file.FileError",
            "file": "plugins/cordova-plugin-file/www/FileError.js",
            "pluginId": "cordova-plugin-file",
            "clobbers": [
                "window.FileError"
            ]
        },
        {
            "id": "cordova-plugin-file.FileReader",
            "file": "plugins/cordova-plugin-file/www/FileReader.js",
            "pluginId": "cordova-plugin-file",
            "clobbers": [
                "window.FileReader"
            ]
        },
        {
            "id": "cordova-plugin-file.FileSystem",
            "file": "plugins/cordova-plugin-file/www/FileSystem.js",
            "pluginId": "cordova-plugin-file",
            "clobbers": [
                "window.FileSystem"
            ]
        },
        {
            "id": "cordova-plugin-file.FileUploadOptions",
            "file": "plugins/cordova-plugin-file/www/FileUploadOptions.js",
            "pluginId": "cordova-plugin-file",
            "clobbers": [
                "window.FileUploadOptions"
            ]
        },
        {
            "id": "cordova-plugin-file.FileUploadResult",
            "file": "plugins/cordova-plugin-file/www/FileUploadResult.js",
            "pluginId": "cordova-plugin-file",
            "clobbers": [
                "window.FileUploadResult"
            ]
        },
        {
            "id": "cordova-plugin-file.FileWriter",
            "file": "plugins/cordova-plugin-file/www/FileWriter.js",
            "pluginId": "cordova-plugin-file",
            "clobbers": [
                "window.FileWriter"
            ]
        },
        {
            "id": "cordova-plugin-file.Flags",
            "file": "plugins/cordova-plugin-file/www/Flags.js",
            "pluginId": "cordova-plugin-file",
            "clobbers": [
                "window.Flags"
            ]
        },
        {
            "id": "cordova-plugin-file.LocalFileSystem",
            "file": "plugins/cordova-plugin-file/www/LocalFileSystem.js",
            "pluginId": "cordova-plugin-file",
            "clobbers": [
                "window.LocalFileSystem"
            ],
            "merges": [
                "window"
            ]
        },
        {
            "id": "cordova-plugin-file.Metadata",
            "file": "plugins/cordova-plugin-file/www/Metadata.js",
            "pluginId": "cordova-plugin-file",
            "clobbers": [
                "window.Metadata"
            ]
        },
        {
            "id": "cordova-plugin-file.ProgressEvent",
            "file": "plugins/cordova-plugin-file/www/ProgressEvent.js",
            "pluginId": "cordova-plugin-file",
            "clobbers": [
                "window.ProgressEvent"
            ]
        },
        {
            "id": "cordova-plugin-file.fileSystems",
            "file": "plugins/cordova-plugin-file/www/fileSystems.js",
            "pluginId": "cordova-plugin-file"
        },
        {
            "id": "cordova-plugin-file.requestFileSystem",
            "file": "plugins/cordova-plugin-file/www/requestFileSystem.js",
            "pluginId": "cordova-plugin-file",
            "clobbers": [
                "window.requestFileSystem"
            ]
        },
        {
            "id": "cordova-plugin-file.resolveLocalFileSystemURI",
            "file": "plugins/cordova-plugin-file/www/resolveLocalFileSystemURI.js",
            "pluginId": "cordova-plugin-file",
            "merges": [
                "window"
            ]
        },
        {
            "id": "cordova-plugin-file.isChrome",
            "file": "plugins/cordova-plugin-file/www/browser/isChrome.js",
            "pluginId": "cordova-plugin-file",
            "runs": true
        },
        {
            "id": "cordova-plugin-file.iosFileSystem",
            "file": "plugins/cordova-plugin-file/www/ios/FileSystem.js",
            "pluginId": "cordova-plugin-file",
            "merges": [
                "FileSystem"
            ]
        },
        {
            "id": "cordova-plugin-file.fileSystems-roots",
            "file": "plugins/cordova-plugin-file/www/fileSystems-roots.js",
            "pluginId": "cordova-plugin-file",
            "runs": true
        },
        {
            "id": "cordova-plugin-file.fileSystemPaths",
            "file": "plugins/cordova-plugin-file/www/fileSystemPaths.js",
            "pluginId": "cordova-plugin-file",
            "merges": [
                "cordova"
            ],
            "runs": true
        },
        {
            "id": "cordova-plugin-file-transfer.FileTransferError",
            "file": "plugins/cordova-plugin-file-transfer/www/FileTransferError.js",
            "pluginId": "cordova-plugin-file-transfer",
            "clobbers": [
                "window.FileTransferError"
            ]
        },
        {
            "id": "cordova-plugin-file-transfer.FileTransfer",
            "file": "plugins/cordova-plugin-file-transfer/www/FileTransfer.js",
            "pluginId": "cordova-plugin-file-transfer",
            "clobbers": [
                "window.FileTransfer"
            ]
        },
        {
            "id": "cordova-plugin-media-capture.CaptureAudioOptions",
            "file": "plugins/cordova-plugin-media-capture/www/CaptureAudioOptions.js",
            "pluginId": "cordova-plugin-media-capture",
            "clobbers": [
                "CaptureAudioOptions"
            ]
        },
        {
            "id": "cordova-plugin-media-capture.CaptureImageOptions",
            "file": "plugins/cordova-plugin-media-capture/www/CaptureImageOptions.js",
            "pluginId": "cordova-plugin-media-capture",
            "clobbers": [
                "CaptureImageOptions"
            ]
        },
        {
            "id": "cordova-plugin-media-capture.CaptureVideoOptions",
            "file": "plugins/cordova-plugin-media-capture/www/CaptureVideoOptions.js",
            "pluginId": "cordova-plugin-media-capture",
            "clobbers": [
                "CaptureVideoOptions"
            ]
        },
        {
            "id": "cordova-plugin-media-capture.CaptureError",
            "file": "plugins/cordova-plugin-media-capture/www/CaptureError.js",
            "pluginId": "cordova-plugin-media-capture",
            "clobbers": [
                "CaptureError"
            ]
        },
        {
            "id": "cordova-plugin-media-capture.MediaFileData",
            "file": "plugins/cordova-plugin-media-capture/www/MediaFileData.js",
            "pluginId": "cordova-plugin-media-capture",
            "clobbers": [
                "MediaFileData"
            ]
        },
        {
            "id": "cordova-plugin-media-capture.MediaFile",
            "file": "plugins/cordova-plugin-media-capture/www/MediaFile.js",
            "pluginId": "cordova-plugin-media-capture",
            "clobbers": [
                "MediaFile"
            ]
        },
        {
            "id": "cordova-plugin-media-capture.helpers",
            "file": "plugins/cordova-plugin-media-capture/www/helpers.js",
            "pluginId": "cordova-plugin-media-capture",
            "runs": true
        },
        {
            "id": "cordova-plugin-media-capture.capture",
            "file": "plugins/cordova-plugin-media-capture/www/capture.js",
            "pluginId": "cordova-plugin-media-capture",
            "clobbers": [
                "navigator.device.capture"
            ]
        },
        {
            "id": "cordova-plugin-splashscreen.SplashScreen",
            "file": "plugins/cordova-plugin-splashscreen/www/splashscreen.js",
            "pluginId": "cordova-plugin-splashscreen",
            "clobbers": [
                "navigator.splashscreen"
            ]
        },
        {
            "id": "cordova-plugin-statusbar.statusbar",
            "file": "plugins/cordova-plugin-statusbar/www/statusbar.js",
            "pluginId": "cordova-plugin-statusbar",
            "clobbers": [
                "window.StatusBar"
            ]
        },
        {
            "id": "cordova-plugin-qqsdk.QQSDK",
            "file": "plugins/cordova-plugin-qqsdk/www/qq.js",
            "pluginId": "cordova-plugin-qqsdk",
            "clobbers": [
                "QQSDK"
            ]
        },
        {
            "id": "cordova-plugin-wechat.Wechat",
            "file": "plugins/cordova-plugin-wechat/www/wechat.js",
            "pluginId": "cordova-plugin-wechat",
            "clobbers": [
                "Wechat"
            ]
        },
        {
            "id": "cordova-plugin-inappbrowser.inappbrowser",
            "file": "plugins/cordova-plugin-inappbrowser/www/inappbrowser.js",
            "pluginId": "cordova-plugin-inappbrowser",
            "clobbers": [
                "cordova.InAppBrowser.open",
                "window.open"
            ]
        }
    ],
    "plugin_metadata": {
        "cordova-plugin-whitelist": "1.3.2",
        "cordova-plugin-compat": "1.1.0",
        "cordova-plugin-camera": "2.4.0",
        "cordova-plugin-file": "4.3.2",
        "cordova-plugin-file-transfer": "1.6.2",
        "cordova-plugin-media-capture": "1.4.2",
        "cordova-plugin-splashscreen": "4.0.2",
        "cordova-plugin-statusbar": "2.2.2",
        "cordova-plugin-qqsdk": "0.9.0",
        "cordova-plugin-wechat": "1.4.0",
        "cordova-plugin-inappbrowser": "1.7.0"
    }
}